date,user,count
2026-05-24,124트(4yearraymond),2
2026-05-24,KURO2134(closely7894),2
2026-05-24,dd(virtue7440),1
2026-05-24,あいす(tide3552),7
2026-05-24,ㅇㅇ(175.210),1
2026-05-24,ㅇㅇ(acquaint9942),9
2026-05-24,ㅍㅍ(abandon6164),8
2026-05-24,꿈나무묘목(nursing3118),9
2026-05-24,띠기모앙(elephant1144),5
2026-05-24,리타(read2352),7
2026-05-24,리틀륨(then1868),1
2026-05-24,메우메우기여어(devouring),2
2026-05-24,물화(band8115),4
2026-05-24,생지(223.39),1
2026-05-24,셰리쨩귀여워사랑해잘했어대단해천재야♡(scissor9857),2
2026-05-24,십붕이(106.101),5
2026-05-24,십붕이(223.39),1
2026-05-24,아겐티아(agentia),12
2026-05-24,오칠십일(fiveseveneleven),4
2026-05-24,이하정(combat9616),7
2026-05-24,좆냥이(announce7549),1
2026-05-24,청록.(crazypeach),2
2026-05-25,124트(4yearraymond),2
2026-05-25,KURO2134(closely7894),2
2026-05-25,あいす(tide3552),30
2026-05-25,ㅇㅇ(175.210),1
2026-05-25,ㅇㅇ(223.39),1
2026-05-25,ㅇㅇ(9xn74bdx2kkq),1
2026-05-25,ㅇㅇ(acquaint9942),31
2026-05-25,ㅇㅇ(memory5045),2
2026-05-25,ㅇㅇ(witness0110),1
2026-05-25,ㅍㅍ(abandon6164),16
2026-05-25,구르미(fulfil6907),1
2026-05-25,꿈나무묘목(nursing3118),6
2026-05-25,네아니요(express8171),6
2026-05-25,띠기모앙(dare0564),5
2026-05-25,리타(read2352),13
2026-05-25,리틀륨(then1868),6
2026-05-25,물화(band8115),2
2026-05-25,뷁뷃(dbdlrkgkak0),7
2026-05-25,사밀릴(aboard9495),11
2026-05-25,셰리쨩귀여워사랑해잘했어대단해천재야♡(scissor9857),16
2026-05-25,십붕이(106.101),14
2026-05-25,아겐티아(agentia),7
2026-05-25,야브갤러(116.39),1
2026-05-25,오칠십일(fiveseveneleven),20
2026-05-25,유빈_(rain9810),1
2026-05-25,이하정(combat9616),20
2026-05-25,절대형태장갑괴뢰얼티밋궁극메카마루0호기(autumn8450),2
2026-05-25,좆냥이(announce7549),6
2026-05-25,챠니이(widely9722),2
2026-05-25,처음고(kr4pmdlx1csd),2
2026-05-25,천마(teacher5871),1
2026-05-26,124트(4yearraymond),7
2026-05-26,98만원짜리짜장면(soup5915),2
2026-05-26,KURO2134(closely7894),2
2026-05-26,genTheShy(multiple5059),1
2026-05-26,あいす(tide3552),65
2026-05-26,ㅇㅇ(9xn74bdx2kkq),3
2026-05-26,ㅇㅇ(acquaint9942),26
2026-05-26,ㅇㅇ(force2002),1
2026-05-26,ㅇㅇ(layer2050),1
2026-05-26,ㅍㅍ(abandon6164),18
2026-05-26,강상수(berry2973),15
2026-05-26,구룡산심마니(marmaladejam),15
2026-05-26,꿈나무묘목(nursing3118),10
2026-05-26,띠기모앙(dare0564),33
2026-05-26,리타(read2352),24
2026-05-26,리틀륨(then1868),43
2026-05-26,메우메우기여어(devouring),1
2026-05-26,모루깡(sample9825),1
2026-05-26,병신들(115.138),1
2026-05-26,뷁뷃(dbdlrkgkak0),1
2026-05-26,사밀릴(aboard9495),1
2026-05-26,셰리쨩귀여워사랑해잘했어대단해천재야♡(scissor9857),7
2026-05-26,아겐티아(agentia),8
2026-05-26,오칠십일(fiveseveneleven),38
2026-05-26,우럭아왜우럭(cure7713),1
2026-05-26,이하정(combat9616),41
2026-05-26,좆냥이(announce7549),31
2026-05-26,천마(teacher5871),8
2026-05-26,청록.(crazypeach),3
2026-05-27,123(114.207),1
2026-05-27,124트(4yearraymond),2
2026-05-27,KURO2134(closely7894),4
2026-05-27,umier12(umier122),1
2026-05-27,あいす(tide3552),23
2026-05-27,ㅁㅁ(eastern3976),1
2026-05-27,ㅇㅇ(118.235),2
2026-05-27,ㅇㅇ(223.62),1
2026-05-27,ㅇㅇ(46.250),1
2026-05-27,ㅇㅇ(acquaint9942),23
2026-05-27,ㅇㅇ(causal6190),1
2026-05-27,ㅇㅇ(utensil0519),1
2026-05-27,ㅇㅇ(welfare4744),1
2026-05-27,ㅍㅍ(abandon6164),11
2026-05-27,강상수(berry2973),1
2026-05-27,구룡산심마니(marmaladejam),4
2026-05-27,꿈나무묘목(nursing3118),10
2026-05-27,띠기모앙(dare0564),11
2026-05-27,리타(read2352),5
2026-05-27,리틀륨(then1868),5
2026-05-27,셰리쨩귀여워사랑해잘했어대단해천재야♡(scissor9857),17
2026-05-27,십갤러(223.39),1
2026-05-27,아겐티아(agentia),35
2026-05-27,아이악스(smile0176),1
2026-05-27,오칠십일(fiveseveneleven),20
2026-05-27,우럭아왜우럭(cure7713),1
2026-05-27,유빈_(rain9810),2
2026-05-27,이하정(combat9616),3
2026-05-27,자냥_(glasses5244),1
2026-05-27,좆냥이(announce7549),1
2026-05-27,천마(teacher5871),7
2026-05-27,청끝(most5689),1
2026-05-28,.(58.29),1
2026-05-28,124트(4yearraymond),2
2026-05-28,98만원짜리짜장면(soup5915),3
2026-05-28,KURO2134(closely7894),1
2026-05-28,dd(virtue7440),1
2026-05-28,genTheShy(multiple5059),1
2026-05-28,あいす(tide3552),45
2026-05-28,ㅇㅇ(9xn74bdx2kkq),3
2026-05-28,ㅇㅇ(acquaint9942),15
2026-05-28,ㅇㅇ(army4717),1
2026-05-28,ㅇㅇ(knee6359),14
2026-05-28,ㅇㅇ(memorize7892),1
2026-05-28,ㅇㅇ(vacuum5018),1
2026-05-28,ㅍㅍ(abandon6164),21
2026-05-28,강상수(berry2973),1
2026-05-28,구룡산심마니(marmaladejam),7
2026-05-28,꿈나무묘목(nursing3118),5
2026-05-28,낭랑(stare3435),2
2026-05-28,늘코얌(choice3849),1
2026-05-28,띠기모앙(dare0564),5
2026-05-28,리타(read2352),5
2026-05-28,리틀륨(then1868),9
2026-05-28,모루깡(sample9825),4
2026-05-28,백슬기(childrend),1
2026-05-28,사마엘(persist0331),1
2026-05-28,셰리쨩귀여워사랑해잘했어대단해천재야♡(scissor9857),9
2026-05-28,아겐티아(agentia),6
2026-05-28,알치(young9889),1
2026-05-28,오칠십일(fiveseveneleven),24
2026-05-28,유빈_(rain9810),1
2026-05-28,이하정(combat9616),49
2026-05-28,일편단신(accept8487),1
2026-05-28,절대형태장갑괴뢰얼티밋궁극메카마루0호기(autumn8450),1
2026-05-28,좆냥이(announce7549),1
2026-05-28,청끝(most5689),1
2026-05-29,124트(4yearraymond),1
2026-05-29,98만원짜리짜장면(soup5915),1
2026-05-29,Chaos121_DC(drank0487),1
2026-05-29,KURO2134(closely7894),3
2026-05-29,dd(virtue7440),3
2026-05-29,あいす(tide3552),20
2026-05-29,ㅇㅇ(acquaint9942),16
2026-05-29,ㅍㅍ(abandon6164),18
2026-05-29,구룡산심마니(marmaladejam),1
2026-05-29,디시콘용(dull6000),6
2026-05-29,띠기모앙(dare0564),10
2026-05-29,리타(read2352),3
2026-05-29,모루깡(sample9825),1
2026-05-29,바냐카와이(solo7430),2
2026-05-29,사밀릴(aboard9495),2
2026-05-29,셰리쨩귀여워사랑해잘했어대단해천재야♡(scissor9857),19
2026-05-29,아겐티아(agentia),13
2026-05-29,언리멤버블(later3591),1
2026-05-29,오칠십일(fiveseveneleven),8
2026-05-29,이하정(combat9616),2
2026-05-29,자냥_(glasses5244),1
2026-05-29,절대형태장갑괴뢰얼티밋궁극메카마루0호기(autumn8450),1
2026-05-29,청끝(most5689),1
2026-05-30,124트(4yearraymond),2
2026-05-30,Chaos121_DC(drank0487),2
2026-05-30,KURO2134(closely7894),8
2026-05-30,Zyair(zyair),1
2026-05-30,あいす(tide3552),27
2026-05-30,ㅇㅇ(9xn74bdx2kkq),1
2026-05-30,ㅇㅇ(acquaint9942),22
2026-05-30,ㅇㅇ(layer2050),2
2026-05-30,ㅍㅍ(abandon6164),15
2026-05-30,구룡산심마니(marmaladejam),1
2026-05-30,띠기모앙(dare0564),16
2026-05-30,리타(read2352),7
2026-05-30,리틀륨(then1868),5
2026-05-30,사밀릴(aboard9495),5
2026-05-30,셰리쨩귀여워사랑해잘했어대단해천재야♡(scissor9857),32
2026-05-30,아겐티아(agentia),19
2026-05-30,알아서할게(nephew5054),2
2026-05-30,오칠십일(fiveseveneleven),11
2026-05-30,우럭아왜우럭(cure7713),2
2026-05-30,유빈_(rain9810),1
2026-05-30,유휘08(impose0871),1
2026-05-30,이하정(combat9616),17
2026-05-30,젖냥이(horn6249),1
2026-05-30,젖냥이(ninth0446),1
2026-05-30,좆냥이(announce7549),7
2026-05-30,청끝(most5689),2
2026-05-30,하규(avoid9977),2
2026-05-31,08(114.207),1
2026-05-31,KURO2134(closely7894),15
2026-05-31,dd(virtue7440),4
2026-05-31,あいす(tide3552),44
2026-05-31,ㅇㅇ(117.111),2
2026-05-31,ㅇㅇ(121.150),1
2026-05-31,ㅇㅇ(211.112),1
2026-05-31,ㅇㅇ(9xn74bdx2kkq),2
2026-05-31,ㅇㅇ(acquaint9942),20
2026-05-31,ㅇㅇ(memory5045),1
2026-05-31,ㅇㅇ(push9789),1
2026-05-31,ㅍㅍ(abandon6164),13
2026-05-31,낭랑(stare3435),1
2026-05-31,늘코얌(choice3849),1
2026-05-31,띠기모앙(dare0564),4
2026-05-31,리타(read2352),8
2026-05-31,리틀륨(then1868),15
2026-05-31,모루깡(sample9825),1
2026-05-31,베성(125.179),1
2026-05-31,병의필두(tape9842),6
2026-05-31,사밀릴(aboard9495),16
2026-05-31,셰리쨩귀여워사랑해잘했어대단해천재야♡(scissor9857),34
2026-05-31,시넌(hear0379),1
2026-05-31,아겐티아(agentia),37
2026-05-31,아이악스(smile0176),1
2026-05-31,오칠십일(fiveseveneleven),29
2026-05-31,유빈_(rain9810),10
2026-05-31,이 나라의 주인(125.138),1
2026-05-31,이채린(decline1551),4
2026-05-31,이하정(combat9616),11
2026-05-31,일라이자겨드랑이헌터(wheel5016),1
2026-05-31,좆냥이(announce7549),4
2026-05-31,천마(teacher5871),6
2026-05-31,청록.(crazypeach),2
2026-05-31,포테토(182.228),1
2026-05-31,표독한녀(judge3793),4
2026-05-31,한강물온도알림이(hathat1616),2
2026-06-01,KURO2134(closely7894),2
2026-06-01,S세이부L(union8297),6
2026-06-01,dd(virtue7440),1
2026-06-01,あいす(tide3552),46
2026-06-01,ㅇㅇ(9xn74bdx2kkq),4
2026-06-01,ㅇㅇ(acquaint9942),4
2026-06-01,ㅍㅍ(abandon6164),11
2026-06-01,구룡산심마니(marmaladejam),1
2026-06-01,디시콘용(dull6000),2
2026-06-01,띠기모앙(dare0564),1
2026-06-01,리타(read2352),3
2026-06-01,모루깡(sample9825),1
2026-06-01,병의필두(tape9842),1
2026-06-01,사밀릴(aboard9495),11
2026-06-01,세상을속여라(later3744),31
2026-06-01,아겐티아(agentia),1
2026-06-01,오칠십일(fiveseveneleven),20
2026-06-01,유빈_(rain9810),3
2026-06-01,이하정(combat9616),10
2026-06-01,하규(avoid9977),7
